,start,end,score
0,1353719148.0,1353719584.0,0.08703786097898789
1,1353721891.0,1353722332.0,0.2669537407768401
2,1353724711.0,1353725156.0,0.10079958498519655
3,1353726400.0,1353726601.0,0.02235147337859019
4,1353727561.0,1353727980.0,0.11308142906499055
