,start,end,score
0,1353715446.0,1353715643.0,0.16610814219738262
1,1353719655.0,1353719778.0,0.10736825658689617
2,1353722361.0,1353722522.0,0.08839167164347082
3,1353726894.0,1353727091.0,0.1157649134937821
