,start,end,score
0,1353723793.0,1353723990.0,0.5591776579537825
1,1353727914.0,1353728096.0,0.19661154312334483
