,start,end,score
0,1353716196.0,1353716645.0,0.39967459580450654
1,1353719200.0,1353719603.0,0.1205682140687866
2,1353721922.0,1353722374.0,0.20427125027221027
3,1353726030.0,1353726463.0,0.38840391317271644
