,start,end,score
0,1353718987.0,1353719108.0,0.03871233962844917
1,1353720820.0,1353720948.0,0.03798872274356491
