,start,end,score
0,1353715722.0,1353716217.0,0.3210910321067571
1,1353719075.0,1353719521.0,0.12978302798396543
2,1353721900.0,1353722386.0,0.17119071068292135
3,1353727834.0,1353728260.0,0.06793087000064849
4,1353731883.0,1353732095.0,0.1037227689153176
