,start,end,score
0,1353717042.0,1353717219.0,0.875912211941689
1,1353723052.0,1353723217.0,0.23673900662140215
2,1353724100.0,1353724301.0,1.2172761308089064
3,1353729090.0,1353729299.0,1.8653392957618322
