,start,end,score
0,1353717881.0,1353718324.0,0.03406937483306743
1,1353719523.0,1353719931.0,0.037424008642893816
2,1353730214.0,1353730630.0,0.04376290209566969
